Datetime,Water Level (m)
2025-09-16 18:00:00,0.16197659
2025-09-16 19:00:00,-0.005422409
2025-09-16 20:00:00,-0.14125903
2025-09-16 21:00:00,-0.21476999
2025-09-16 22:00:00,-0.11200772
2025-09-16 23:00:00,0.19380128
2025-09-17 00:00:00,0.49516863
2025-09-17 01:00:00,0.7619731
2025-09-17 02:00:00,0.94825846
2025-09-17 03:00:00,1.0363706
2025-09-17 04:00:00,0.9832316
2025-09-17 05:00:00,0.771415
2025-09-17 06:00:00,0.5244711
2025-09-17 07:00:00,0.29855397
2025-09-17 08:00:00,0.10084414
2025-09-17 09:00:00,-0.06224476
2025-09-17 10:00:00,-0.17539547
2025-09-17 11:00:00,-0.17006001
2025-09-17 12:00:00,0.1323052
2025-09-17 13:00:00,0.45008826
2025-09-17 14:00:00,0.69073915
2025-09-17 15:00:00,0.84171504
2025-09-17 16:00:00,0.8904469
2025-09-17 17:00:00,0.78357446
2025-09-17 18:00:00,0.5502078
2025-09-17 19:00:00,0.31554264
2025-09-17 20:00:00,0.10575677
2025-09-17 21:00:00,-0.070329815
2025-09-17 22:00:00,-0.20553745
2025-09-17 23:00:00,-0.23346438
2025-09-18 00:00:00,0.08289757
2025-09-18 01:00:00,0.46730667
2025-09-18 02:00:00,0.79853255
2025-09-18 03:00:00,1.0440788
2025-09-18 04:00:00,1.170885
2025-09-18 05:00:00,1.1415584
2025-09-18 06:00:00,0.8995973
2025-09-18 07:00:00,0.61638117
2025-09-18 08:00:00,0.36331502
2025-09-18 09:00:00,0.14033963
2025-09-18 10:00:00,-0.047513876
2025-09-18 11:00:00,-0.19369496
2025-09-18 12:00:00,-0.23168999
2025-09-18 13:00:00,0.14016926
2025-09-18 14:00:00,0.5313236
2025-09-18 15:00:00,0.82968277
2025-09-18 16:00:00,1.0376118
2025-09-18 17:00:00,1.0983107
2025-09-18 18:00:00,0.9314791
2025-09-18 19:00:00,0.6393739
2025-09-18 20:00:00,0.37405956
2025-09-18 21:00:00,0.14926428
2025-09-18 22:00:00,-0.05072836
2025-09-18 23:00:00,-0.2056228
2025-09-19 00:00:00,-0.2518145
2025-09-19 01:00:00,0.122883424
2025-09-19 02:00:00,0.546731
2025-09-19 03:00:00,0.9028375
2025-09-19 04:00:00,1.1638725
2025-09-19 05:00:00,1.2903924
2025-09-19 06:00:00,1.2154094
2025-09-19 07:00:00,0.91174585
2025-09-19 08:00:00,0.6071359
2025-09-19 09:00:00,0.34643802
2025-09-19 10:00:00,0.12038954
2025-09-19 11:00:00,-0.08251713
2025-09-19 12:00:00,-0.23357756
2025-09-19 13:00:00,-0.21316487
2025-09-19 14:00:00,0.2946822
2025-09-19 15:00:00,0.69439703
2025-09-19 16:00:00,1.0016392
2025-09-19 17:00:00,1.1832384
2025-09-19 18:00:00,1.1925865
2025-09-19 19:00:00,0.9548217
2025-09-19 20:00:00,0.6508468
2025-09-19 21:00:00,0.3792085
2025-09-19 22:00:00,0.1518973
2025-09-19 23:00:00,-0.05501115
2025-09-20 00:00:00,-0.21188952
2025-09-20 01:00:00,-0.2459337
2025-09-20 02:00:00,0.2374727
2025-09-20 03:00:00,0.69734466
2025-09-20 04:00:00,1.0775082
2025-09-20 05:00:00,1.3203856
2025-09-20 06:00:00,1.3947947
2025-09-20 07:00:00,1.1897957
2025-09-20 08:00:00,0.84922206
2025-09-20 09:00:00,0.5512851
2025-09-20 10:00:00,0.30048776
2025-09-20 11:00:00,0.06623467
2025-09-20 12:00:00,-0.11985458
2025-09-20 13:00:00,-0.24610695
2025-09-20 14:00:00,0.0058013992
2025-09-20 15:00:00,0.5446509
2025-09-20 16:00:00,0.95283866
2025-09-20 17:00:00,1.2459294
2025-09-20 18:00:00,1.370728
2025-09-20 19:00:00,1.2493614
2025-09-20 20:00:00,0.9253133
2025-09-20 21:00:00,0.62130946
2025-09-20 22:00:00,0.36412448
2025-09-20 23:00:00,0.1289009
2025-09-21 00:00:00,-0.06753285
2025-09-21 01:00:00,-0.21057722
2025-09-21 02:00:00,-0.09536895
2025-09-21 03:00:00,0.49129596
2025-09-21 04:00:00,0.9572767
2025-09-21 05:00:00,1.307477
2025-09-21 06:00:00,1.4771585
2025-09-21 07:00:00,1.4260975
2025-09-21 08:00:00,1.0999486
2025-09-21 09:00:00,0.7678107
2025-09-21 10:00:00,0.48803166
2025-09-21 11:00:00,0.24531259
2025-09-21 12:00:00,0.02636646
2025-09-21 13:00:00,-0.14593545
2025-09-21 14:00:00,-0.18556385
2025-09-21 15:00:00,0.35892013
2025-09-21 16:00:00,0.844544
2025-09-21 17:00:00,1.2357414
2025-09-21 18:00:00,1.4684614
2025-09-21 19:00:00,1.497108
2025-09-21 20:00:00,1.223538
2025-09-21 21:00:00,0.877974
2025-09-21 22:00:00,0.585522
2025-09-21 23:00:00,0.33139735
2025-09-22 00:00:00,0.10924071
2025-09-22 01:00:00,-0.08040684
2025-09-22 02:00:00,-0.17113598
2025-09-22 03:00:00,0.26845437
2025-09-22 04:00:00,0.78656214
2025-09-22 05:00:00,1.2115778
2025-09-22 06:00:00,1.4796344
2025-09-22 07:00:00,1.5349898
2025-09-22 08:00:00,1.2890799
2025-09-22 09:00:00,0.9404718
2025-09-22 10:00:00,0.6407729
2025-09-22 11:00:00,0.37880725
2025-09-22 12:00:00,0.14780249
2025-09-22 13:00:00,-0.051041204
2025-09-22 14:00:00,-0.18616852
2025-09-22 15:00:00,0.05221232
2025-09-22 16:00:00,0.63920313
2025-09-22 17:00:00,1.1020578
2025-09-22 18:00:00,1.4260362
